Model,Fold,TestTools,MAE,RMSE,R2
Random Forest,1,"[np.int64(3), np.int64(9)]",0.24421120943663213,0.2964481407836438,-0.06482017997198897
Random Forest,2,"[np.int64(2), np.int64(6), np.int64(105)]",0.11712133264701487,0.14525095490607706,0.752541567455061
Random Forest,3,"[np.int64(5), np.int64(7), np.int64(10)]",0.13931727185103512,0.17994720050432783,0.6206326800564641
Random Forest,4,"[np.int64(8), np.int64(103)]",0.19499388981907195,0.23648822292791505,0.3439805538238573
Random Forest,5,"[np.int64(4), np.int64(101), np.int64(102)]",0.17429215983979057,0.22465026428708185,0.41267531894818466
Extra Trees,1,"[np.int64(3), np.int64(9)]",0.25439550249867016,0.3083464106340981,-0.15201094646630575
Extra Trees,2,"[np.int64(2), np.int64(6), np.int64(105)]",0.11114434279958536,0.13335864427626914,0.7914036961201216
Extra Trees,3,"[np.int64(5), np.int64(7), np.int64(10)]",0.1283182417925439,0.17197748931144602,0.6534922630348079
Extra Trees,4,"[np.int64(8), np.int64(103)]",0.20538403907892044,0.24536880602362746,0.29378591213327665
Extra Trees,5,"[np.int64(4), np.int64(101), np.int64(102)]",0.19151489235392913,0.231690357362612,0.37528734646465656
XGBoost,1,"[np.int64(3), np.int64(9)]",0.2683038915364879,0.3254437110291507,-0.28330704442949006
XGBoost,2,"[np.int64(2), np.int64(6), np.int64(105)]",0.12403743489154632,0.15309383194521067,0.7250968903822296
XGBoost,3,"[np.int64(5), np.int64(7), np.int64(10)]",0.13749044432799706,0.18877566099863272,0.5824949561155218
XGBoost,4,"[np.int64(8), np.int64(103)]",0.20274352209158736,0.25354886192168974,0.24591377315319496
XGBoost,5,"[np.int64(4), np.int64(101), np.int64(102)]",0.174502406447111,0.22329698447537963,0.41973002398750037
