FeatureSet,NumberOfFeatures,Fold,TestTools,MAE,RMSE,R2
All 120 Features,120,1,"[np.int64(3), np.int64(9)]",0.24421120943663213,0.2964481407836438,-0.06482017997198897
All 120 Features,120,2,"[np.int64(2), np.int64(6), np.int64(105)]",0.11712133264701487,0.14525095490607706,0.752541567455061
All 120 Features,120,3,"[np.int64(5), np.int64(7), np.int64(10)]",0.13931727185103512,0.17994720050432786,0.620632680056464
All 120 Features,120,4,"[np.int64(8), np.int64(103)]",0.19499388981907195,0.23648822292791505,0.3439805538238573
All 120 Features,120,5,"[np.int64(4), np.int64(101), np.int64(102)]",0.17429215983979057,0.22465026428708182,0.41267531894818477
Top 60 Features,60,1,"[np.int64(3), np.int64(9)]",0.2571214567513816,0.31054320732159224,-0.16848429448722246
Top 60 Features,60,2,"[np.int64(2), np.int64(6), np.int64(105)]",0.11193398451485898,0.14164502145284918,0.7646756356204444
Top 60 Features,60,3,"[np.int64(5), np.int64(7), np.int64(10)]",0.1397647578919123,0.17913000327523246,0.6240705104535311
Top 60 Features,60,4,"[np.int64(8), np.int64(103)]",0.20073764679833328,0.24439168919986715,0.2993993370738778
Top 60 Features,60,5,"[np.int64(4), np.int64(101), np.int64(102)]",0.1753528266663124,0.22342144568881583,0.4190829822659561
Top 30 Features,30,1,"[np.int64(3), np.int64(9)]",0.26033262716652844,0.30673574028582073,-0.1400071506586562
Top 30 Features,30,2,"[np.int64(2), np.int64(6), np.int64(105)]",0.12478499309928694,0.15671404836483763,0.7119418780542559
Top 30 Features,30,3,"[np.int64(5), np.int64(7), np.int64(10)]",0.12592027948543857,0.1680399691495794,0.6691775957274904
Top 30 Features,30,4,"[np.int64(8), np.int64(103)]",0.2258830523030113,0.27756411345412885,0.0962999472108459
Top 30 Features,30,5,"[np.int64(4), np.int64(101), np.int64(102)]",0.1755987442882286,0.2181073717226265,0.446388538818825
Top 20 Features,20,1,"[np.int64(3), np.int64(9)]",0.2625096803025388,0.3089374730556846,-0.15643170809827622
Top 20 Features,20,2,"[np.int64(2), np.int64(6), np.int64(105)]",0.11969807534389723,0.15361079906220404,0.7232371705673697
Top 20 Features,20,3,"[np.int64(5), np.int64(7), np.int64(10)]",0.12359065956594734,0.16547978571162505,0.6791813352257972
Top 20 Features,20,4,"[np.int64(8), np.int64(103)]",0.22821564499215896,0.2789587487586591,0.08719575658335266
Top 20 Features,20,5,"[np.int64(4), np.int64(101), np.int64(102)]",0.17426442989156193,0.21583530227475506,0.4578626313135502
Top 10 Features,10,1,"[np.int64(3), np.int64(9)]",0.25576904246400683,0.30332605519191275,-0.11480329923708155
Top 10 Features,10,2,"[np.int64(2), np.int64(6), np.int64(105)]",0.11921563011515761,0.14897946241436924,0.7396742843903275
Top 10 Features,10,3,"[np.int64(5), np.int64(7), np.int64(10)]",0.13512057181664916,0.17423116139778055,0.6443511649641096
Top 10 Features,10,4,"[np.int64(8), np.int64(103)]",0.22535938369611735,0.27472593745577106,0.11468666542784278
Top 10 Features,10,5,"[np.int64(4), np.int64(101), np.int64(102)]",0.18008685386679543,0.21989379814939997,0.4372825987225303
