Feature,Correlation,AbsoluteCorrelation
Accelerometer - Spindle -X - std,-0.7863579723949555,0.7863579723949555
Current - Driving axle X L1 - mean,-0.7261693647964926,0.7261693647964926
Accelerometer - Spindle -Z - std,-0.7238148636216553,0.7238148636216553
Current - Driving axle X L2 - mean,-0.7200245728544696,0.7200245728544696
Current - Driving axle X L3 - mean,-0.7191724485192271,0.7191724485192271
Accelerometer - Y Driving axle -X - std,-0.6970761324116214,0.6970761324116214
Accelerometer - Spindle -Z - max,-0.6918220300086155,0.6918220300086155
Accelerometer - Spindle -X - max,-0.6735108615981179,0.6735108615981179
Accelerometer - Y Driving axle +Y - std,-0.6320447441384476,0.6320447441384476
Accelerometer - Spindle -X - min,0.6254094728509368,0.6254094728509368
Accelerometer - Y Driving axle +Z - std,-0.6106206374062594,0.6106206374062594
Accelerometer - Spindle -X - kurtosis,-0.5251238063317343,0.5251238063317343
Accelerometer - Spindle +Y - max,-0.5147116876003672,0.5147116876003672
Accelerometer - X Driving axle -X - std,-0.511518084199869,0.511518084199869
Current - Driving axle Y L3 - mean,-0.5062280840642784,0.5062280840642784
Accelerometer - Y Driving axle -X - kurtosis,0.49679677518648047,0.49679677518648047
Current - Driving axle Y L1 - mean,-0.49571232870867726,0.49571232870867726
Current - Driving axle Y L2 - mean,-0.48964034147784385,0.48964034147784385
Current - Driving axle X L2 - std,-0.48907368300845044,0.48907368300845044
Accelerometer - X Driving axle +Z - std,-0.4866480492685425,0.4866480492685425
Current - Driving axle X L3 - std,-0.48644291940692,0.48644291940692
Current - Driving axle X L1 - std,-0.48609470161309776,0.48609470161309776
Current - Driving axle X L1 - max,-0.44570569175655506,0.44570569175655506
Current - Driving axle X L2 - max,-0.4435515220253523,0.4435515220253523
Current - Driving axle X L3 - max,-0.43839782042577385,0.43839782042577385
Current - Driving axle Y L1 - std,-0.43456449979733763,0.43456449979733763
Current - Driving axle Y L3 - std,-0.4230982222699796,0.4230982222699796
Current - Driving axle Y L2 - std,-0.4227993991416785,0.4227993991416785
Accelerometer - Y Driving axle +Z - kurtosis,0.4133580706581662,0.4133580706581662
Accelerometer - X Driving axle -X - max,-0.3979765958206413,0.3979765958206413
Accelerometer - Spindle +Y - skew,-0.3807936885368587,0.3807936885368587
Current - Spindle L2 - mean,-0.36931832037385276,0.36931832037385276
Current - Spindle L3 - mean,-0.36862771075562356,0.36862771075562356
Current - Spindle L1 - mean,-0.3683223184818541,0.3683223184818541
Accelerometer - X Driving axle -X - min,0.3415905647603333,0.3415905647603333
Accelerometer - Spindle -Z - skew,-0.33278271065846166,0.33278271065846166
Accelerometer - Spindle -Z - kurtosis,-0.31163479336246114,0.31163479336246114
Current - Driving axle Y L1 - max,-0.3106154848792873,0.3106154848792873
Accelerometer - Spindle +Y - mean,-0.2997449253914082,0.2997449253914082
Current - Driving axle Y L3 - max,-0.2987601017853263,0.2987601017853263
Current - Driving axle Y L2 - max,-0.29692690279133954,0.29692690279133954
Current - Driving axle X L3 - kurtosis,0.2946878246869196,0.2946878246869196
Accelerometer - Spindle +Y - min,-0.2868492973102717,0.2868492973102717
Accelerometer - Y Driving axle +Y - kurtosis,0.2837605886759865,0.2837605886759865
Current - Driving axle X L2 - kurtosis,0.2754604335638213,0.2754604335638213
Current - Driving axle X L1 - kurtosis,0.2749892931237367,0.2749892931237367
Accelerometer - Spindle +Y - kurtosis,0.2543237899831245,0.2543237899831245
Accelerometer - X Driving axle +Z - max,-0.2367298434333057,0.2367298434333057
Accelerometer - X Driving axle +Z - min,0.2288081939123208,0.2288081939123208
Accelerometer - X Driving axle -X - skew,0.22289899534855084,0.22289899534855084
Current - Driving axle X L1 - skew,-0.21476146971747842,0.21476146971747842
Accelerometer - Y Driving axle -X - max,-0.2121416675469167,0.2121416675469167
Current - Driving axle X L3 - skew,-0.20733406207602584,0.20733406207602584
Current - Driving axle X L2 - skew,-0.20436795355159082,0.20436795355159082
Accelerometer - Spindle +Y - std,0.20027680255745872,0.20027680255745872
Current - Driving axle Z L2 - min,-0.19971297438301938,0.19971297438301938
Accelerometer - Y Driving axle -X - min,0.199504047545434,0.199504047545434
Accelerometer - Y Driving axle +Y - max,-0.19839429599221928,0.19839429599221928
Current - Driving axle Y L2 - kurtosis,0.19591134660927312,0.19591134660927312
Current - Driving axle Y L3 - kurtosis,0.16943962130277232,0.16943962130277232
Accelerometer - Y Driving axle +Y - min,0.163215282808718,0.163215282808718
Current - Driving axle Y L1 - min,-0.16104181273764642,0.16104181273764642
Current - Driving axle Y L3 - min,-0.1605605293690011,0.1605605293690011
Current - Spindle L2 - std,-0.15961562350698202,0.15961562350698202
Current - Spindle L3 - std,-0.15893972479330148,0.15893972479330148
Current - Spindle L1 - std,-0.15876383758226362,0.15876383758226362
Current - Driving axle Y L1 - kurtosis,0.15287885202576043,0.15287885202576043
Current - Driving axle X L3 - min,-0.14284365218180878,0.14284365218180878
Accelerometer - Y Driving axle +Z - min,0.14214070274347307,0.14214070274347307
Accelerometer - Y Driving axle +Z - max,-0.14198687865876522,0.14198687865876522
Accelerometer - Spindle -Z - min,0.13763255488867232,0.13763255488867232
Accelerometer - Y Driving axle -X - skew,0.12733575837495587,0.12733575837495587
Accelerometer - Spindle -X - mean,0.12158950122684176,0.12158950122684176
Current - Spindle L3 - min,-0.10158342568442813,0.10158342568442813
Current - Driving axle Y L2 - min,-0.10047523476421227,0.10047523476421227
Current - Spindle L2 - min,-0.0943951183123497,0.0943951183123497
Current - Driving axle X L1 - min,-0.09193904353379652,0.09193904353379652
Current - Spindle L1 - kurtosis,0.09081335330550602,0.09081335330550602
Current - Spindle L3 - kurtosis,0.09043673556965934,0.09043673556965934
Current - Spindle L2 - kurtosis,0.08942756884472226,0.08942756884472226
Current - Spindle L2 - max,-0.08364952101384202,0.08364952101384202
Accelerometer - X Driving axle +Z - kurtosis,0.08326430366938231,0.08326430366938231
Accelerometer - Y Driving axle +Y - skew,-0.07887091226420541,0.07887091226420541
Accelerometer - Y Driving axle +Y - mean,-0.07652181238675303,0.07652181238675303
Current - Driving axle Z L3 - min,-0.07621359428861724,0.07621359428861724
Accelerometer - Y Driving axle +Z - skew,-0.07571883056801357,0.07571883056801357
Current - Spindle L1 - min,-0.07489250067548996,0.07489250067548996
Current - Spindle L3 - max,-0.07428100818055045,0.07428100818055045
Accelerometer - Y Driving axle -X - mean,-0.07222091322266928,0.07222091322266928
Accelerometer - Spindle -X - skew,-0.0716975646648631,0.0716975646648631
Current - Driving axle X L2 - min,-0.07073706492714638,0.07073706492714638
Current - Spindle L1 - max,-0.06592847563455546,0.06592847563455546
Current - Driving axle Y L1 - skew,-0.059196872333268306,0.059196872333268306
Current - Driving axle Z L1 - std,0.058891825105523425,0.058891825105523425
Current - Driving axle Z L3 - std,0.051580824048868684,0.051580824048868684
Current - Driving axle Y L3 - skew,-0.04790859874159911,0.04790859874159911
Current - Driving axle Z L3 - max,0.0474700603948673,0.0474700603948673
Accelerometer - X Driving axle +Z - mean,-0.04580887424292312,0.04580887424292312
Current - Driving axle Z L2 - mean,-0.04570068904321129,0.04570068904321129
Accelerometer - Spindle -Z - mean,0.03428529253348032,0.03428529253348032
Current - Driving axle Z L2 - std,0.03182801409181658,0.03182801409181658
Current - Driving axle Z L1 - kurtosis,-0.027737924777760135,0.027737924777760135
Current - Driving axle Z L3 - mean,-0.025682810748764134,0.025682810748764134
Current - Driving axle Z L1 - mean,0.02517337683544983,0.02517337683544983
Current - Driving axle Z L1 - skew,-0.02501397220758689,0.02501397220758689
Accelerometer - X Driving axle +Z - skew,0.024819114100696694,0.024819114100696694
Current - Driving axle Z L3 - kurtosis,-0.02307661176998479,0.02307661176998479
Accelerometer - Y Driving axle +Z - mean,-0.022224228650223825,0.022224228650223825
Current - Driving axle Z L1 - max,0.021735505936704556,0.021735505936704556
Accelerometer - X Driving axle -X - kurtosis,-0.02166015802601482,0.02166015802601482
Current - Driving axle Z L3 - skew,-0.020622896592075054,0.020622896592075054
Current - Driving axle Z L1 - min,-0.018861928932236326,0.018861928932236326
Current - Driving axle Z L2 - kurtosis,-0.017117063094666495,0.017117063094666495
Accelerometer - X Driving axle -X - mean,0.016714759336488822,0.016714759336488822
Current - Driving axle Y L2 - skew,-0.016665464203474884,0.016665464203474884
Current - Driving axle Z L2 - skew,-0.014507858234172886,0.014507858234172886
Current - Driving axle Z L2 - max,0.010922528920585897,0.010922528920585897
Current - Spindle L3 - skew,0.008793292236317841,0.008793292236317841
Current - Spindle L1 - skew,0.006827020923154875,0.006827020923154875
Current - Spindle L2 - skew,0.001942449866464889,0.001942449866464889
