ToolID,Actual_RUL,Predicted_RUL,Absolute_Error
2,1.0,0.816558506770001,0.18344149322999903
2,0.979591837,0.8775949204633334,0.10199691653666654
2,0.959183673,0.8144248653399996,0.14475880766000038
2,0.93877551,0.8458292742233342,0.09294623577666583
2,0.918367347,0.8082914264433334,0.1100759205566666
2,0.897959184,0.8078749115433338,0.09008427245666617
2,0.87755102,0.8299433277,0.04760769229999995
2,0.857142857,0.8045496449333338,0.05259321206666623
2,0.836734694,0.7943155878666678,0.04241910613333222
2,0.816326531,0.7915261613966669,0.024800369603333094
2,0.795918367,0.8158428589799994,0.01992449197999946
2,0.775510204,0.7816171581866674,0.0061069541866674015
2,0.755102041,0.7793953714666669,0.02429333046666693
2,0.734693878,0.7402335662900001,0.005539688290000178
2,0.714285714,0.8094291184666671,0.09514340446666714
2,0.693877551,0.719926979743334,0.026049428743333936
2,0.673469388,0.7366934873033332,0.06322409930333317
2,0.653061224,0.7905808374333336,0.13751961343333363
2,0.632653061,0.7853817186200013,0.15272865762000132
2,0.591836735,0.6870664322500001,0.09522969725000008
2,0.571428571,0.6934087866033335,0.1219802156033335
2,0.551020408,0.6227725034099999,0.07175209540999994
2,0.530612245,0.7361602751266672,0.20554803012666711
2,0.510204082,0.679821209673333,0.16961712767333303
2,0.489795918,0.4419004502999999,0.04789546770000008
2,0.469387755,0.4063486634599999,0.06303909154000009
2,0.448979592,0.33261142338666677,0.11636816861333321
2,0.428571429,0.33052286103666634,0.09804856796333367
2,0.408163265,0.3106848526633333,0.09747841233666671
2,0.387755102,0.24802907027333343,0.1397260317266666
2,0.326530612,0.18845682950333337,0.13807378249666663
2,0.326530612,0.2041266489666667,0.12240396303333329
2,0.306122449,0.16751419313333338,0.13860825586666664
2,0.285714286,0.1672623987999999,0.11845188720000008
2,0.265306122,0.13265562874999995,0.13265049325000003
2,0.244897959,0.13032312293666665,0.11457483606333335
2,0.224489796,0.12402667711,0.10046311889
2,0.204081633,0.10401549044666665,0.10006614255333336
2,0.183673469,0.0912100322533334,0.0924634367466666
2,0.163265306,0.09177237644666665,0.07149292955333335
2,0.142857143,0.09097242012333334,0.05188472287666665
2,0.12244898,0.08586940750333338,0.036579572496666615
2,0.102040816,0.07741505882333331,0.024625757176666693
2,0.081632653,0.08041851704333329,0.0012141359566667093
2,0.06122449,0.0805575312333333,0.0193330412333333
2,0.040816327,0.07311732606333336,0.03230099906333336
2,0.020408163,0.0922129001466666,0.0718047371466666
2,0.0,0.5929844189600006,0.5929844189600006
103,0.305084746,0.47346542224333327,0.16838067624333325
103,0.288135593,0.3110212528366664,0.02288565983666635
103,0.271186441,0.324804716053333,0.053618275053333
103,0.254237288,0.3348224239899998,0.08058513598999978
103,0.237288136,0.31412343750666644,0.07683530150666643
103,0.220338983,0.2982994523733329,0.0779604693733329
103,0.203389831,0.2998035722999997,0.09641374129999972
103,0.186440678,0.44163029311666635,0.2551896151166664
103,0.169491525,0.26154656973999985,0.09205504473999984
103,0.152542373,0.18925637986333313,0.03671400686333312
103,0.13559322,0.17706801677333311,0.04147479677333313
103,0.118644068,0.17404880766333297,0.055404739663332966
103,0.101694915,0.18434800123333298,0.08265308623333298
103,0.084745763,0.1550265425566663,0.07028077955666631
103,0.06779661,0.14836226081666667,0.08056565081666668
103,0.050847458,0.12969742885666646,0.07884997085666647
103,0.033898305,0.15288041630666657,0.11898211130666658
103,0.016949153,0.14834208469666654,0.13139293169666655
103,0.0,0.2623010364300001,0.2623010364300001
103,1.0,0.8494600297899999,0.1505399702100001
103,0.983050847,0.8449542709033326,0.13809657609666737
103,0.966101695,0.8271594491966667,0.13894224580333325
103,0.949152542,0.86111092508,0.08804161692000001
103,0.93220339,0.8611368216633339,0.07106656833666603
103,0.915254237,0.8734706619166669,0.04178357508333308
103,0.898305085,0.8454781506266671,0.05282693437333286
103,0.881355932,0.6439051254733336,0.2374508065266664
103,0.86440678,0.8553262023700002,0.009080577629999809
103,0.847457627,0.7681504464566667,0.0793071805433333
103,0.830508475,0.85679431353,0.026285838529999994
103,0.813559322,0.8551106409466661,0.04155131894666608
103,0.796610169,0.8488764410799999,0.0522662720799999
103,0.779661017,0.7716516778700002,0.008009339129999793
103,0.762711864,0.708126249053334,0.05458561494666603
103,0.745762712,0.8076045033433344,0.06184179134333445
103,0.728813559,0.5541369728899997,0.17467658611000025
103,0.711864407,0.6148811274933331,0.09698327950666685
103,0.694915254,0.5503377080500004,0.1445775459499996
103,0.677966102,0.6253346892000005,0.0526314127999995
103,0.661016949,0.774228411816667,0.11321146281666705
103,0.644067797,0.5641177203866663,0.07995007661333375
103,0.627118644,0.6027376546466666,0.024380989353333327
103,0.610169492,0.46837798202999975,0.14179150997000028
103,0.593220339,0.4528050760666669,0.14041526293333312
103,0.576271186,0.4435994159833335,0.13267177001666652
103,0.559322034,0.47713679176333346,0.08218524223666657
103,0.542372881,0.7364607336833338,0.19408785268333373
103,0.525423729,0.4743836209499999,0.05104010805000009
103,0.508474576,0.44526033723666636,0.06321423876333365
103,0.491525424,0.4103766117133333,0.0811488122866667
103,0.474576271,0.40903178934666673,0.06554448165333326
103,0.457627119,0.41724353218333365,0.04038358681666637
103,0.440677966,0.4302881187533336,0.010389847246666362
103,0.423728814,0.6649586618533337,0.24122984785333373
103,0.406779661,0.42816706883000005,0.021387407830000038
103,0.389830508,0.412447296,0.022616788
103,0.372881356,0.8433035659833323,0.47042220998333234
103,0.355932203,0.3975399011700002,0.04160769817000021
103,0.338983051,0.3915008800600001,0.05251782906000013
103,0.322033898,0.4362750933433334,0.11424119534333343
102,1.0,0.8943798270900002,0.10562017290999981
102,0.988095238,0.92548040293,0.06261483506999999
102,0.976190476,0.9079687217000001,0.06822175429999988
102,0.964285714,0.9015356816233333,0.06275003237666665
102,0.94047619,0.9253235917133334,0.015152598286666596
102,0.928571429,0.898004462983333,0.030566966016666974
102,0.916666667,0.9042610932900004,0.012405573709999618
102,0.904761905,0.914730194383333,0.009968289383333051
102,0.892857143,0.9246961765733336,0.03183903357333362
102,0.880952381,0.9094984927266667,0.028546111726666767
102,0.869047619,0.91639576487,0.047348145869999914
102,0.857142857,0.9098914772199991,0.05274862021999904
102,0.845238095,0.9142032701366666,0.06896517513666656
102,0.833333333,0.8773641732333347,0.0440308402333347
102,0.821428571,0.92335565834,0.10192708734
102,0.80952381,0.9017328474799998,0.09220903747999987
102,0.797619048,0.9032455490333333,0.10562650103333326
102,0.785714286,0.9053332391399994,0.11961895313999937
102,0.773809524,0.9134095648266659,0.13960004082666588
102,0.761904762,0.8967699797933332,0.13486521779333316
102,0.75,0.8988592766466676,0.14885927664666765
102,0.738095238,0.9174750792066667,0.17937984120666672
102,0.726190476,0.9211163224300001,0.1949258464300001
102,0.714285714,0.9238187232533335,0.2095330092533335
102,0.702380952,0.8854843795766675,0.18310342757666753
102,0.69047619,0.8968991120633336,0.20642292206333357
102,0.678571429,0.7885221381833336,0.1099507091833336
102,0.666666667,0.8981829241833339,0.2315162571833339
102,0.654761905,0.9052860278133339,0.2505241228133339
102,0.642857143,0.8026408167033336,0.15978367370333368
102,0.630952381,0.8858599968533336,0.25490761585333366
102,0.619047619,0.86580226441,0.24675464540999992
102,0.607142857,0.8686621609733336,0.26151930397333356
102,0.595238095,0.8807303670533332,0.28549227205333316
102,0.583333333,0.8770480594200003,0.2937147264200003
102,0.571428571,0.8915452487333331,0.3201166777333331
102,0.55952381,0.8365056521066662,0.2769818421066662
102,0.547619048,0.8478587133199998,0.3002396653199998
102,0.535714286,0.8439022918099999,0.30818800580999983
102,0.523809524,0.8152547235033337,0.2914451995033337
102,0.511904762,0.8290470601700004,0.3171422981700004
102,0.5,0.8638825508700007,0.36388255087000065
102,0.488095238,0.8598809671599995,0.3717857291599995
102,0.476190476,0.7408129566499995,0.2646224806499995
102,0.464285714,0.8245967368100003,0.3603110228100003
102,0.452380952,0.8021100048533334,0.3497290528533334
102,0.44047619,0.7101630190533336,0.2696868290533336
102,0.428571429,0.7959430604,0.36737163139999995
102,0.392857143,0.7695402584166668,0.3766831154166668
102,0.380952381,0.7624394954499997,0.38148711444999966
102,0.369047619,0.6617210787200002,0.2926734597200002
102,0.357142857,0.6353614180700002,0.27821856107000026
102,0.345238095,0.7191117980266665,0.37387370302666645
102,0.333333333,0.7730380013866677,0.43970466838666766
102,0.321428571,0.6405912345666662,0.3191626635666662
102,0.30952381,0.6995003683800002,0.38997655838000017
102,0.297619048,0.6205224240766666,0.3229033760766666
102,0.285714286,0.5628895649199995,0.27717527891999955
102,0.273809524,0.5871421039666667,0.31333257996666664
102,0.261904762,0.6218618935233331,0.3599571315233331
102,0.25,0.6257354278566668,0.3757354278566668
102,0.238095238,0.6372088396766667,0.39911360167666676
102,0.226190476,0.5891294465766665,0.3629389705766666
102,0.214285714,0.5849352721333327,0.3706495581333328
102,0.202380952,0.5986424945933333,0.3962615425933333
102,0.19047619,0.5620421682966669,0.3715659782966669
102,0.178571429,0.5674674658466669,0.38889603684666685
102,0.166666667,0.6816395042700002,0.5149728372700002
102,0.154761905,0.524730301806666,0.36996839680666604
102,0.142857143,0.5938634954033324,0.4510063524033324
102,0.130952381,0.5400540485066659,0.40910166750666593
102,0.119047619,0.52409504326,0.40504742426
102,0.107142857,0.5423704757266663,0.4352276187266663
102,0.095238095,0.5172889242366661,0.42205082923666604
102,0.083333333,0.35630766482333276,0.27297433182333275
102,0.071428571,0.43222183513999957,0.36079326413999957
102,0.05952381,0.5405889597833331,0.4810651497833331
102,0.047619048,0.46864751064,0.42102846264
102,0.035714286,0.42469729078333296,0.388983004783333
102,0.023809524,0.39574520247333334,0.3719356784733333
102,0.011904762,0.45003914434333364,0.43813438234333363
102,0.0,0.355173179183333,0.355173179183333
11,0.0,0.6365109064500003,0.6365109064500003
