,count,mean,std,min,25%,50%,75%,max
Accelerometer - Spindle +Y - min,968.0,-16880.75929752066,3628.143306720626,-32768.0,-19328.0,-17830.0,-15202.5,-5576.0
Accelerometer - Spindle -Z - min,968.0,-1541.7995867768595,2597.591245025978,-32768.0,-1440.0,-1089.5,-882.0,-526.0
Accelerometer - Spindle -X - min,968.0,-2434.2179752066118,2672.544201660971,-32768.0,-2413.25,-1872.0,-1600.0,-1168.0
Accelerometer - X Driving axle +Z - min,968.0,-329.23553719008265,206.37551816018504,-3446.0,-376.5,-285.0,-234.75,-107.0
Accelerometer - X Driving axle -X - min,968.0,-322.55785123966945,231.86985250536327,-2679.0,-374.0,-276.0,-197.5,-108.0
Accelerometer - Y Driving axle +Z - min,968.0,-284.7097107438017,173.92120263105318,-2860.0,-319.0,-254.0,-216.75,-62.0
Accelerometer - Y Driving axle +Y - min,968.0,-225.39462809917356,129.92312281042564,-1864.0,-259.25,-197.0,-165.75,-67.0
Accelerometer - Y Driving axle -X - min,968.0,-384.43801652892563,215.51575012803343,-3470.0,-448.0,-357.5,-286.0,-74.0
Current - Spindle L1 - min,968.0,57732.23037190083,62167.58675781298,309.0,2005.0,3009.0,127912.25,129252.0
Current - Spindle L2 - min,968.0,57841.92458677686,62257.78547497227,436.0,2079.75,3135.5,128136.5,129017.0
Current - Spindle L3 - min,968.0,57872.91838842975,62131.83462444958,300.0,2212.5,3291.5,127926.0,129056.0
Current - Driving axle X L1 - min,968.0,445.5413223140496,291.4512529232194,249.0,287.0,298.0,494.0,2004.0
Current - Driving axle X L2 - min,968.0,454.7097107438017,290.45002245066456,275.0,301.0,312.0,500.5,2158.0
Current - Driving axle X L3 - min,968.0,474.3223140495868,293.31859606639756,286.0,317.0,325.0,531.75,2249.0
Current - Driving axle Y L1 - min,968.0,321.9307851239669,177.3321201305423,239.0,268.0,274.0,289.0,2681.0
Current - Driving axle Y L2 - min,968.0,340.9607438016529,176.71200844278994,261.0,281.0,287.0,303.0,2387.0
Current - Driving axle Y L3 - min,968.0,368.3956611570248,155.13967240608605,297.0,314.0,322.0,346.0,2516.0
Current - Driving axle Z L1 - min,968.0,311.30061983471074,11.962346977929181,244.0,305.0,311.0,319.0,383.0
Current - Driving axle Z L2 - min,968.0,333.5330578512397,14.256149171220803,246.0,326.0,333.5,341.0,400.0
Current - Driving axle Z L3 - min,968.0,364.25,13.447646388182305,280.0,357.0,365.0,372.0,413.0
Accelerometer - Spindle +Y - max,968.0,2813.03305785124,3863.5692925489166,1107.0,1661.25,1975.0,2584.5,32767.0
Accelerometer - Spindle -Z - max,968.0,1108.1095041322315,2201.348471848889,490.0,659.0,774.0,1042.0,32767.0
Accelerometer - Spindle -X - max,968.0,2377.396694214876,2793.0301540137393,1081.0,1544.5,1837.0,2398.5,32767.0
Accelerometer - X Driving axle +Z - max,968.0,297.7262396694215,210.84592131990925,73.0,191.0,254.0,353.25,3221.0
Accelerometer - X Driving axle -X - max,968.0,331.3202479338843,248.4496555802663,122.0,208.0,283.0,365.0,3469.0
Accelerometer - Y Driving axle +Z - max,968.0,295.2603305785124,171.27772278173546,79.0,226.5,271.0,339.0,2979.0
Accelerometer - Y Driving axle +Y - max,968.0,198.61363636363637,139.5170333160629,53.0,139.0,165.5,233.25,2155.0
Accelerometer - Y Driving axle -X - max,968.0,405.94214876033055,219.00173713696392,83.0,316.5,371.0,466.0,3549.0
Current - Spindle L1 - max,968.0,297625.98450413224,96234.15903535369,160454.0,192776.75,355366.0,381259.0,445190.0
Current - Spindle L2 - max,968.0,298307.62190082646,96649.90021572732,160330.0,193178.25,359412.5,382316.5,462873.0
Current - Spindle L3 - max,968.0,297729.39462809917,96007.09478721957,160618.0,193187.25,357692.5,381136.5,441512.0
Current - Driving axle X L1 - max,968.0,15172.304752066115,6433.159505520809,5730.0,10634.75,13817.5,17705.0,60559.0
Current - Driving axle X L2 - max,968.0,15430.905991735537,6547.897594054023,5872.0,10755.75,14097.5,17915.5,60583.0
Current - Driving axle X L3 - max,968.0,15345.29132231405,6519.785769937628,5854.0,10837.0,14092.0,17810.0,61508.0
Current - Driving axle Y L1 - max,968.0,19776.284090909092,4655.560367112131,7964.0,16916.5,18680.0,21256.75,53948.0
Current - Driving axle Y L2 - max,968.0,20337.414256198346,4641.539048111411,8127.0,17323.75,19253.5,21715.25,55047.0
Current - Driving axle Y L3 - max,968.0,20114.603305785124,4711.434277264829,7697.0,17091.5,18973.5,21417.5,54474.0
Current - Driving axle Z L1 - max,968.0,33746.760330578516,10788.020398876413,2706.0,22997.25,35602.0,43772.5,57672.0
Current - Driving axle Z L2 - max,968.0,34898.56404958678,10791.775411755729,2822.0,23873.75,36794.5,44857.5,59074.0
Current - Driving axle Z L3 - max,968.0,34524.72623966942,10669.966240159152,3094.0,23303.75,36389.0,44205.25,58246.0
Accelerometer - Spindle +Y - mean,968.0,-14.421250965473515,62.395191664536036,-1232.3259668382343,-18.56834862229943,-13.573149437393997,-10.778296653769425,831.0311089899964
Accelerometer - Spindle -Z - mean,968.0,19.091763990437283,26.915367800300377,-14.65689960819138,15.46221502787397,17.107530791235128,18.991969125497306,820.414870532793
Accelerometer - Spindle -X - mean,968.0,-3.0004459481427204,50.39076686786735,-828.1801795344142,-4.967519959943747,-3.929975136158876,-1.9952482953910042,1026.8978533462305
Accelerometer - X Driving axle +Z - mean,968.0,-18.96760389220723,3.6521082868589243,-22.926024545328776,-21.12219427410158,-19.998341452079256,-18.00967797453425,23.455290285735284
Accelerometer - X Driving axle -X - mean,968.0,12.699584679322312,2.522016648710724,7.345861849195724,11.197953563656425,12.486189601576731,13.336294270370194,39.26703301452134
Accelerometer - Y Driving axle +Z - mean,968.0,5.941201028699812,3.042545617651779,3.106346849212129,4.6410329687558525,5.109456141959271,5.627054774516862,39.208248467893625
Accelerometer - Y Driving axle +Y - mean,968.0,-10.981346150668745,3.0456027494442344,-16.060083658772648,-12.37312652258889,-11.936164334254464,-11.149082796552419,22.81348372640771
Accelerometer - Y Driving axle -X - mean,968.0,11.213608412190354,2.8496078952724844,7.06643154256381,9.702595670217411,10.665992037025683,11.626452253263922,39.557536115738046
Current - Spindle L1 - mean,968.0,158781.79144813315,14925.972340554725,129221.60268523124,148290.65258546878,156354.06991699175,168359.78215014958,202534.46005116467
Current - Spindle L2 - mean,968.0,158875.36572122274,14908.398400418842,128479.2575832919,148517.94200845863,156500.47265310676,168284.48990009312,201994.96806247477
Current - Spindle L3 - mean,968.0,158824.26454926867,14923.806879615222,128387.2014475938,148490.79264628002,156500.7674050253,168346.80401879578,202101.04964510404
Current - Driving axle X L1 - mean,968.0,5808.825656043159,1560.5881739922183,2548.256753609688,4740.006220744472,5315.981858588952,6529.093294011254,13835.605089538172
Current - Driving axle X L2 - mean,968.0,5879.268161831051,1621.646930978383,2513.618246390312,4755.3441045217205,5365.429836950896,6636.181146603872,13996.166500605896
Current - Driving axle X L3 - mean,968.0,5856.066756026762,1592.3942452463182,2528.0230748331005,4760.216928587708,5348.053735740318,6596.219909305493,14964.75688776567
Current - Driving axle Y L1 - mean,968.0,5197.374600118314,1212.4811998404566,2873.976247168825,4462.148788380523,5015.357507860166,5755.511228272106,19413.95372250073
Current - Driving axle Y L2 - mean,968.0,5286.92044602876,1188.6927873148893,2834.907740167073,4542.522494174555,5088.119523499598,5850.0013157077565,11891.794423499192
Current - Driving axle Y L3 - mean,968.0,5221.130348958251,1177.7576844704274,2866.5645198926613,4486.599269183569,5048.6197214080075,5785.330991168437,16271.96693872478
Current - Driving axle Z L1 - mean,968.0,3433.511266064305,2394.9908114956115,505.779392924017,1226.4327355875148,3589.7086675107576,4718.33682646009,14836.561613504044
Current - Driving axle Z L2 - mean,968.0,3576.675342835749,2422.02627695548,521.1879547097085,1428.1511252377256,3602.117233341959,4817.685720982214,14655.175638537585
Current - Driving axle Z L3 - mean,968.0,3579.9110511894514,2406.1423268731696,534.3744803638675,1349.4261782255583,3703.453141063721,4895.190628005953,14266.682951925706
Accelerometer - Spindle +Y - std,968.0,581.5635910537201,923.5212596091479,221.24952301002244,364.42319959706106,456.168948648494,600.3103200589806,18781.54559586988
Accelerometer - Spindle -Z - std,968.0,152.61098469943624,292.6501375849844,83.5067192534288,107.58042901349947,125.92340508608206,147.7296412994914,6318.364351337533
Accelerometer - Spindle -X - std,968.0,341.0742964069737,627.8919197317574,204.77061979880952,241.59815895465616,275.32409860950827,330.13319972236184,11854.661932065404
Accelerometer - X Driving axle +Z - std,968.0,38.369082991801974,23.307992217139255,11.020886173650132,24.56198133542042,31.93453929120283,49.68902162023609,381.19920612536345
Accelerometer - X Driving axle -X - std,968.0,45.44293974409745,25.69227481502539,10.245785199084915,28.973167589443644,38.34956923576594,56.73066758411184,339.70494541655984
Accelerometer - Y Driving axle +Z - std,968.0,23.008503379846886,15.926136409993509,9.550262772326535,15.904564037263157,19.290218729653915,26.374785174239456,344.23026920940504
Accelerometer - Y Driving axle +Y - std,968.0,20.384098971562413,13.645739386387715,7.769650712021014,13.446907961170403,16.834823590440656,24.49950421428616,275.55535861758904
Accelerometer - Y Driving axle -X - std,968.0,24.538061580192995,14.168206000282016,10.965969534377477,17.50304425017276,21.334514902915274,28.14166164336136,276.8463522909923
Current - Spindle L1 - std,968.0,42112.227540523825,18983.861602067413,12663.103042795,26339.1505687065,39925.56632554984,57331.023473095,100675.11419916352
Current - Spindle L2 - std,968.0,42094.06057380214,19005.93484047977,12384.116675600077,26249.12836052869,39931.809145547246,57310.774928863844,100248.1134558465
Current - Spindle L3 - std,968.0,42060.709640184505,18921.621769055237,12595.98293101238,26320.564619256147,39791.76958198729,57065.11447075191,100591.94569823876
Current - Driving axle X L1 - std,968.0,3484.799649961317,1915.1577688813509,1311.2181317317647,2224.44805272092,2985.6054579537317,4031.2026345402983,14524.266166004909
Current - Driving axle X L2 - std,968.0,3538.536797520064,1938.2310732821552,1338.0816681774006,2256.115093246,3042.012401825522,4096.8788780827235,14777.04036612792
Current - Driving axle X L3 - std,968.0,3511.3781631092506,1941.0444358711864,1311.8040255258973,2231.755874838436,3005.5889168790454,4050.524201780324,14665.088994242951
Current - Driving axle Y L1 - std,968.0,4580.18844216482,1227.5206621081122,2495.514990854452,3828.776053665649,4331.561677571456,4958.75034170697,13462.02017401429
Current - Driving axle Y L2 - std,968.0,4678.520498614824,1206.097824672349,2518.994645135041,3925.256206019846,4423.3830551809115,5136.124758822718,13478.007787819652
Current - Driving axle Y L3 - std,968.0,4621.533070088178,1213.6663093746251,2498.715441071872,3857.9440286939316,4370.480189549381,5025.191670157026,13043.19456689298
Current - Driving axle Z L1 - std,968.0,6275.403721022463,3105.756838620586,599.9136367712849,3093.233312003794,6973.717997622408,8603.772023725602,15427.777332427078
Current - Driving axle Z L2 - std,968.0,6384.983892685137,3118.3090664024626,577.9383426997554,3279.7885842876244,6926.5170328205295,8630.176656264262,15696.342974067464
Current - Driving axle Z L3 - std,968.0,6393.851328877925,3133.7013332931365,676.1878118134434,3190.497932895265,7046.854616838182,8678.416552537254,15670.121308905542
Accelerometer - Spindle +Y - skew,968.0,-5.044420192559582,3.609926133907271,-13.638376189442676,-7.752354270198869,-6.186068003760825,-1.2346576834314598,10.305329342211952
Accelerometer - Spindle -Z - skew,968.0,-0.10493065738685493,0.5371918987869564,-8.972644207632706,-0.14512702874195682,-0.07176222200299981,-0.028909276292720228,6.5839016736222025
Accelerometer - Spindle -X - skew,968.0,0.030576200770636768,0.4940256209993517,-2.3672798791012704,-0.006613405536089575,0.00564664595807055,0.0148164787295769,11.391618207476078
Accelerometer - X Driving axle +Z - skew,968.0,0.04864274168532926,0.15484159351573298,-0.9618752341615728,-0.033857306535310154,0.0595322187297683,0.14056014888471186,0.7593129824923786
Accelerometer - X Driving axle -X - skew,968.0,0.0357037995345138,0.3115021839095324,-3.2121541422316966,-0.09323091902477512,0.08646714722255869,0.23137433098743665,1.6642566959438811
Accelerometer - Y Driving axle +Z - skew,968.0,-0.06419424296799567,0.15043315760021309,-1.8940605775570536,-0.11721936320674015,-0.04837119474640915,0.0129221225175852,0.5848513616946844
Accelerometer - Y Driving axle +Y - skew,968.0,-0.06367573065420276,0.10871938320170992,-0.9798618728016492,-0.12989692954669177,-0.06440377199485231,0.002077564842027475,0.3658188081110382
Accelerometer - Y Driving axle -X - skew,968.0,0.05014244235410898,0.14704433944578688,-0.5682556579098915,-0.0018767173252209248,0.0428325920037931,0.09568913874008278,3.002258654603794
Current - Spindle L1 - skew,968.0,-0.4292399899849411,0.6860686336770709,-2.513792672532941,-0.6985462278306096,-0.48532244702809313,-0.21431036361986766,5.723808488134232
Current - Spindle L2 - skew,968.0,-0.4229399441773217,0.6913169933433986,-2.6641199758382443,-0.6918570529989257,-0.48063122944098685,-0.21450199182158464,5.903038049431665
Current - Spindle L3 - skew,968.0,-0.42941531220951434,0.6815090867143154,-2.7132266235375053,-0.6960188737490645,-0.4858395216957595,-0.21504714920869503,5.983161023250169
Current - Driving axle X L1 - skew,968.0,0.2275860862291742,0.7126326582359916,-1.6453761170939942,-0.3009113331139651,0.29451047473705483,0.7373137794501834,2.931728477341413
Current - Driving axle X L2 - skew,968.0,0.248511596498429,0.7062093969922264,-1.5806909975863692,-0.27285964632483767,0.30504789874294885,0.7349779648526232,2.9091246030978044
Current - Driving axle X L3 - skew,968.0,0.24444363388402637,0.7104635042581124,-1.5940146329870697,-0.26587421562384883,0.31243526962294843,0.7592699997531062,2.92201831885537
Current - Driving axle Y L1 - skew,968.0,0.9878162780726535,0.25702878766409826,0.2216488471766791,0.8150478681262716,0.9630287589197914,1.1418228485885118,2.1141274785963167
Current - Driving axle Y L2 - skew,968.0,1.0173857607422747,0.2507545265193008,0.2986968580787841,0.8539185442401593,0.9826306814647946,1.1591498873877213,2.263117253376264
Current - Driving axle Y L3 - skew,968.0,1.0149730644810477,0.26193359028652513,0.0847069599303387,0.842871223421394,0.988325848737201,1.1673800771834193,2.152571351372288
Current - Driving axle Z L1 - skew,968.0,3.696097819165,2.10018753896011,0.5310734757824844,2.200397209904347,2.7863420404433645,5.683006733467415,12.259401885007684
Current - Driving axle Z L2 - skew,968.0,3.684977400739157,2.056652819387277,0.4993964116671238,2.2722886251186596,2.816552318869289,5.525649336957615,12.466579107362412
Current - Driving axle Z L3 - skew,968.0,3.677671767234738,2.0897993562579043,0.6238204396726477,2.230910984171612,2.7664327492486755,5.536229017979306,13.265559196514769
Accelerometer - Spindle +Y - kurtosis,968.0,88.80969278375103,66.97268835526364,-0.7353248180531287,30.834236413888803,86.6762221630994,126.94668605124505,434.4270394745824
Accelerometer - Spindle -Z - kurtosis,968.0,4.452278106392205,47.06321794038765,0.2702005515392334,0.6997700768938335,1.0983944494800557,1.7524023787684888,942.8022677674256
Accelerometer - Spindle -X - kurtosis,968.0,1.8905823482827486,9.036349897023072,0.2093359693539431,0.5419165972087455,0.9603153163150395,1.7475316692297636,187.8545866707208
Accelerometer - X Driving axle +Z - kurtosis,968.0,3.726443579956498,11.275192548488011,-0.4010320690824467,1.1520694393260982,2.0708765415032757,3.61985137102186,283.43868852883656
Accelerometer - X Driving axle -X - kurtosis,968.0,4.493592197620788,40.07849978104242,-0.5157047182451282,0.766958148913094,1.7681173099613052,3.327844248896106,1227.5235337891315
Accelerometer - Y Driving axle +Z - kurtosis,968.0,7.859315864057368,27.872528491521834,0.3313634512642331,2.3479019091014504,3.9611537461100363,8.383038729196866,762.6726664958782
Accelerometer - Y Driving axle +Y - kurtosis,968.0,5.0356066597655245,19.82379860952958,0.3090674716444019,1.9432918314859857,2.6850459267863,3.9675300556217974,543.0637939431391
Accelerometer - Y Driving axle -X - kurtosis,968.0,13.890756173727542,38.42523884787414,0.6760671363332418,3.110502049608884,7.60702460619541,18.789225446669395,1072.9324781295363
Current - Spindle L1 - kurtosis,968.0,1.86546968168496,5.763620599162113,-1.9424847844438455,-1.5310998503122446,-0.17113830675411096,3.039428903449685,45.44079516910753
Current - Spindle L2 - kurtosis,968.0,1.9058741931640177,5.863557018326003,-1.941780815118001,-1.535705788318441,-0.17368575320563764,3.0792885439401316,48.06697505673645
Current - Spindle L3 - kurtosis,968.0,1.87353734097845,5.783532251524221,-1.9418030171142064,-1.5336204928331312,-0.1812936471095294,3.0258052875273593,48.48834704114776
Current - Driving axle X L1 - kurtosis,968.0,0.1439269176846258,1.1489116362472824,-1.492409473375086,-0.7204053927167355,-0.0064031573530562505,0.6597417359918235,8.005172887687776
Current - Driving axle X L2 - kurtosis,968.0,0.1482642205016932,1.1878541271295564,-1.5421346783605934,-0.7129117862474952,-0.05263613732701515,0.6375321898734745,8.436949283478391
Current - Driving axle X L3 - kurtosis,968.0,0.16733057386516598,1.161895156740921,-1.5080447247508204,-0.6937120342016738,0.012228108971753249,0.6875770967902923,7.974666267451253
Current - Driving axle Y L1 - kurtosis,968.0,0.6135771910684681,0.9391457735963648,-1.565925532094954,-0.006140897056452225,0.42904274465007153,1.1614977720953448,5.448422904070201
Current - Driving axle Y L2 - kurtosis,968.0,0.7081512086691695,0.9825587373506735,-1.5633266954907958,0.023547699151438777,0.477284238907431,1.2621000483334024,6.617737424069709
Current - Driving axle Y L3 - kurtosis,968.0,0.6877556946322245,0.9918635370255361,-1.5647890139572265,-0.014689543286826076,0.4764209131366788,1.2534869744946358,6.008066674360736
Current - Driving axle Z L1 - kurtosis,968.0,18.09988584463306,20.493936151464837,-1.2757648623887283,3.949190213408878,7.5372981625233395,33.618994833771715,156.42893999165156
Current - Driving axle Z L2 - kurtosis,968.0,18.011837226956565,20.089952787055775,-1.2249207627051846,4.326741566698776,7.918888765113195,31.852141465123143,162.17401751053163
Current - Driving axle Z L3 - kurtosis,968.0,17.973186405482647,20.691991887385516,-1.094801658200628,4.011510678710553,7.341939202543707,31.819041151782844,183.0973415618808
MillingToolType,968.0,1.362603305785124,0.48100016411581725,1.0,1.0,1.0,2.0,2.0
