Feature,FeatureValue,SHAPValue,AbsoluteSHAP
Accelerometer - Spindle -X - std,208.19002852357272,0.28711929671187386,0.28711929671187386
Accelerometer - Spindle -Z - std,90.66288923800435,0.037113550355258824,0.037113550355258824
Accelerometer - Y Driving axle -X - std,13.686727572099253,0.025866230234055588,0.025866230234055588
Accelerometer - Spindle -Z - max,511.0,0.020029828640587926,0.020029828640587926
Current - Driving axle X L1 - mean,3882.738830429532,0.00964971605897285,0.00964971605897285
Accelerometer - Y Driving axle +Y - std,13.916850342276796,0.009088178108357905,0.009088178108357905
Accelerometer - X Driving axle -X - std,40.98389893213412,-0.00802998574528539,0.00802998574528539
Current - Driving axle X L2 - mean,3786.815973779541,0.007108753826341302,0.007108753826341302
Accelerometer - X Driving axle +Z - skew,0.0531142507126596,0.005320304696413665,0.005320304696413665
Current - Driving axle X L3 - mean,3795.735104364326,0.004160003900375369,0.004160003900375369
Current - Driving axle X L2 - min,291.0,0.003059782625827545,0.003059782625827545
Accelerometer - Y Driving axle +Z - kurtosis,1.6716108399099143,0.003033221073733866,0.003033221073733866
Accelerometer - Y Driving axle -X - max,152.0,0.00280763493116368,0.00280763493116368
Accelerometer - Spindle -X - kurtosis,0.775243408662535,0.002754073511863773,0.002754073511863773
Accelerometer - Spindle -X - skew,0.0037601566334879,-0.0025485609647465505,0.0025485609647465505
Accelerometer - Y Driving axle -X - kurtosis,2.322298195151593,-0.002459402992890855,0.002459402992890855
Accelerometer - Y Driving axle +Z - skew,0.0485588088283419,-0.0021740014365284944,0.0021740014365284944
Current - Driving axle Z L1 - min,317.0,-0.0021106715218852153,0.0021106715218852153
Accelerometer - Spindle +Y - max,2327.0,0.0019471936289030063,0.0019471936289030063
Current - Driving axle X L3 - kurtosis,-1.0676113472352025,-0.001783880490761882,0.001783880490761882
Current - Driving axle Y L2 - max,16093.0,0.0017774737135893214,0.0017774737135893214
Current - Spindle L2 - kurtosis,4.790190428268647,-0.0016756301203898671,0.0016756301203898671
Accelerometer - Spindle +Y - skew,-8.113803946798814,-0.0016570241031601937,0.0016570241031601937
Accelerometer - Spindle -Z - skew,-0.1127065682797787,-0.0016216366803960187,0.0016216366803960187
Accelerometer - Y Driving axle +Z - std,14.437641288243263,0.0015752440384985357,0.0015752440384985357
Current - Spindle L3 - mean,130087.92258064516,-0.001573871521546263,0.001573871521546263
Current - Driving axle X L1 - kurtosis,-1.0806158397409098,-0.0015003054591760997,0.0015003054591760997
Accelerometer - Y Driving axle -X - min,-128.0,0.0014947700835020576,0.0014947700835020576
Current - Spindle L1 - mean,129742.89784371229,-0.0014112290117547204,0.0014112290117547204
Accelerometer - X Driving axle +Z - min,-177.0,-0.0013364301393529617,0.0013364301393529617
Accelerometer - Spindle +Y - kurtosis,101.82494672706432,0.001305475165832989,0.001305475165832989
Current - Driving axle Z L3 - min,355.0,-0.0013036045563900004,0.0013036045563900004
Accelerometer - X Driving axle +Z - kurtosis,2.5389087530602943,0.0010299308482039139,0.0010299308482039139
Current - Driving axle Y L2 - min,275.0,0.0010042442012617866,0.0010042442012617866
Accelerometer - Y Driving axle +Z - min,-141.0,0.0009942680679199444,0.0009942680679199444
Accelerometer - X Driving axle +Z - std,31.859956255094406,-0.0009498991488780147,0.0009498991488780147
Accelerometer - Spindle -X - mean,-4.967368225663659,-0.0009053500130508394,0.0009053500130508394
Accelerometer - Spindle -Z - kurtosis,1.0657796428432222,0.0008905579117201249,0.0008905579117201249
Accelerometer - X Driving axle -X - max,238.0,0.0008819126365972669,0.0008819126365972669
Current - Driving axle Y L3 - min,304.0,0.0008589905087158456,0.0008589905087158456
Current - Driving axle Y L1 - min,274.0,-0.0008276041369543868,0.0008276041369543868
Current - Spindle L2 - max,370107.0,-0.0007467275672413796,0.0007467275672413796
Accelerometer - Spindle -X - max,1236.0,0.0007211397652533481,0.0007211397652533481
Current - Spindle L2 - mean,130361.15521821631,-0.0007121389265791121,0.0007121389265791121
Current - Driving axle X L3 - min,302.0,0.0006725429743159528,0.0006725429743159528
Accelerometer - Spindle -Z - min,-1446.0,0.0005941191073634258,0.0005941191073634258
Accelerometer - Y Driving axle +Y - max,79.0,0.0005811016658647212,0.0005811016658647212
Accelerometer - Y Driving axle +Y - kurtosis,2.125176541808357,-0.0005558248554570859,0.0005558248554570859
Current - Spindle L2 - min,1674.0,0.000554844112885158,0.000554844112885158
Current - Spindle L3 - kurtosis,5.0469645072905305,-0.0005541255573376459,0.0005541255573376459
Current - Driving axle Y L1 - skew,0.8424035259238409,0.000510024703953696,0.000510024703953696
Current - Spindle L1 - kurtosis,4.8788059066607845,-0.0004716826822749866,0.0004716826822749866
Current - Driving axle Y L3 - max,15435.0,0.00045813190067522876,0.00045813190067522876
Current - Driving axle X L2 - std,2342.2107739163566,0.00043415752937806033,0.00043415752937806033
Accelerometer - X Driving axle +Z - max,167.0,-0.000432582203059431,0.000432582203059431
Current - Driving axle X L3 - std,2346.393610016989,0.00043094323039051644,0.00043094323039051644
Accelerometer - Spindle +Y - mean,-23.736968163836487,-0.00042678632474061647,0.00042678632474061647
Current - Spindle L3 - min,1563.0,0.0004138368314047218,0.0004138368314047218
Accelerometer - X Driving axle -X - kurtosis,2.0598968607137857,0.0004053570760294256,0.0004053570760294256
Accelerometer - Spindle -X - min,-1491.0,0.00040344995361774245,0.00040344995361774245
Current - Driving axle X L1 - std,2334.624928011318,0.0003965516983476519,0.0003965516983476519
Current - Spindle L2 - std,53294.87537482799,-0.00037535714357677215,0.00037535714357677215
Accelerometer - Y Driving axle -X - mean,8.615856599602125,-0.0003710475217846819,0.0003710475217846819
Accelerometer - Y Driving axle +Z - mean,4.448688622213206,0.0003618430550520487,0.0003618430550520487
Current - Driving axle X L1 - min,278.0,0.00034573942741910496,0.00034573942741910496
Accelerometer - X Driving axle -X - skew,0.213722208941826,-0.0003414161444071518,0.0003414161444071518
Accelerometer - Spindle -Z - mean,12.963152799370135,-0.00032849214500486163,0.00032849214500486163
Accelerometer - Y Driving axle +Y - min,-84.0,0.0003249959114650341,0.0003249959114650341
Current - Driving axle X L2 - max,9836.0,0.0003220734769942486,0.0003220734769942486
Accelerometer - X Driving axle -X - min,-266.0,0.0003077736561412819,0.0003077736561412819
Current - Driving axle Y L1 - std,4337.892118733279,0.0002957377223834949,0.0002957377223834949
Accelerometer - Spindle +Y - std,774.5294223627149,0.0002621965067666907,0.0002621965067666907
Current - Driving axle Y L3 - std,4141.145119531812,0.0002393109505894455,0.0002393109505894455
Accelerometer - Spindle +Y - min,-20724.0,-0.0002371852107806718,0.0002371852107806718
Current - Driving axle X L2 - kurtosis,-1.21754951476722,-0.0002239729896797649,0.0002239729896797649
Accelerometer - X Driving axle -X - mean,10.235746456150665,0.00021070676131893526,0.00021070676131893526
Current - Spindle L1 - max,385903.0,-0.00020616293713318512,0.00020616293713318512
Current - Driving axle Z L1 - skew,2.1542608404640124,-0.00020217975567656945,0.00020217975567656945
Accelerometer - Y Driving axle +Y - mean,-11.584609726325056,0.00020071652718905064,0.00020071652718905064
Current - Driving axle Y L2 - std,4345.821853168179,0.00020013314816963505,0.00020013314816963505
Current - Spindle L1 - std,52930.2206877688,-0.00019578911556228265,0.00019578911556228265
Current - Driving axle Y L2 - skew,1.0570431708217949,-0.0001952061160853325,0.0001952061160853325
Current - Spindle L2 - skew,-0.1823229442441485,0.00018032782912046536,0.00018032782912046536
Current - Driving axle Y L2 - kurtosis,0.4711361381629269,-0.0001719981269773662,0.0001719981269773662
Current - Driving axle Z L2 - min,328.0,0.00015156748631115603,0.00015156748631115603
Current - Driving axle Y L3 - kurtosis,0.248925393672081,0.0001299580345604873,0.0001299580345604873
Current - Driving axle Z L1 - max,47474.0,0.00012738309205800232,0.00012738309205800232
Current - Driving axle Z L3 - std,9336.406527456546,-0.00012480978045055792,0.00012480978045055792
Current - Driving axle Z L3 - max,47208.0,0.00012175391521612223,0.00012175391521612223
Current - Driving axle X L3 - max,10373.0,0.00012079486310998544,0.00012079486310998544
Current - Driving axle Y L2 - mean,4714.250439882698,-0.00011670869802291349,0.00011670869802291349
Current - Spindle L3 - skew,-0.1666778772361052,0.00011595480739939759,0.00011595480739939759
Current - Spindle L1 - min,1487.0,0.00010945732846893169,0.00010945732846893169
Current - Driving axle Z L2 - std,9405.121743650436,0.00010196053453765351,0.00010196053453765351
Current - Spindle L3 - max,391454.0,-0.00010101297615747958,0.00010101297615747958
Current - Driving axle Y L1 - max,15135.0,9.320568579534387e-05,9.320568579534387e-05
Accelerometer - Y Driving axle -X - skew,0.004370237616121,8.795630342271939e-05,8.795630342271939e-05
Current - Driving axle X L1 - max,10151.0,8.67709247916285e-05,8.67709247916285e-05
Current - Driving axle Y L1 - kurtosis,-0.1558828779359351,8.524030573556563e-05,8.524030573556563e-05
Current - Driving axle X L1 - skew,-0.4243278963231305,-8.027681044243452e-05,8.027681044243452e-05
Current - Driving axle Z L3 - kurtosis,4.570460196468484,-7.467465006240275e-05,7.467465006240275e-05
Current - Spindle L1 - skew,-0.2131230286000982,-7.221535134272756e-05,7.221535134272756e-05
Current - Spindle L3 - std,52797.61778151755,-7.156003070470836e-05,7.156003070470836e-05
Current - Driving axle Z L2 - skew,2.249136592036228,6.753873507221607e-05,6.753873507221607e-05
Accelerometer - X Driving axle +Z - mean,-18.8158875131883,-6.603651472363407e-05,6.603651472363407e-05
Accelerometer - Y Driving axle +Y - skew,-0.0307024183571228,5.085358869671494e-05,5.085358869671494e-05
Current - Driving axle X L2 - skew,-0.409126892129554,4.872236832330139e-05,4.872236832330139e-05
Current - Driving axle Z L3 - skew,2.2175011830834905,4.3136151914501556e-05,4.3136151914501556e-05
Current - Driving axle Z L2 - mean,5285.104329825772,-4.22214388239503e-05,4.22214388239503e-05
Current - Driving axle Y L3 - mean,4616.088666551665,3.5402365538341374e-05,3.5402365538341374e-05
Current - Driving axle X L3 - skew,-0.3494293718718982,-3.264727952307491e-05,3.264727952307491e-05
Current - Driving axle Z L2 - kurtosis,4.865809757907614,2.415977486655527e-05,2.415977486655527e-05
Current - Driving axle Z L1 - mean,5332.6259099534245,-2.371803382842101e-05,2.371803382842101e-05
Current - Driving axle Z L1 - kurtosis,4.309669606677824,2.3466396561562893e-05,2.3466396561562893e-05
Current - Driving axle Y L1 - mean,4426.56311885458,-1.8663502914123463e-05,1.8663502914123463e-05
Current - Driving axle Z L1 - std,9465.188174755654,1.7080399745285446e-05,1.7080399745285446e-05
Current - Driving axle Z L2 - max,48460.0,1.6926438348896854e-05,1.6926438348896854e-05
Current - Driving axle Y L3 - skew,0.9882950566813647,1.2308921285236049e-05,1.2308921285236049e-05
Current - Driving axle Z L3 - mean,5204.023218906331,1.0062267293621003e-05,1.0062267293621003e-05
Accelerometer - Y Driving axle +Z - max,121.0,-1.6534587708711343e-06,1.6534587708711343e-06
